[
	{
		"id": "congresso_internacional_de_medicina_de_hipoxia",
		"name": "Congresso Internacional de Medicina de Hipóxia",
		"slogan": "Party in the middle of the Lisbon traffic",
		"summary": "Turn the music loud and enjoy your own private rooftop party at the rush hour! Visit the most charismatic streets of Lisbon and be ready to stop the traffic with your double-decker bus!\n\n**Last stop? You decide!**",
		"description": "This products has **amazing features**",
		"card": {
			"subtitle": "Lisbon Traffic Party"
		},
		"images": [
			"5.4",
			"5.3",
			"5.2"
		],
		"categories": [
			"1"
		],
		"backgroundImages": [
			"5.1",
			"5.6",
			"6.3"
		],
		"tags": [
			"1",
			"2"
		],
		"eventTime": {
			"startDateTime": 1529020800,
			"endDateTime": 1529279999
		},
		"availability": {
			"startDate": 1507098994983,
			"endDate": 2507098994983
		},
		"agenda": [
			{
				"title": "Workshop – Avaliação cardio-pulmonar",
				"presenter": "",
				"startDate": 1529071200,
				"duration": 0,
				"location": "",
				"summary": "A avaliação cardiopulmonar pode aperfeiçoar o seu desempenho desportivo, aproveite esta oportunidade para realizar a sua.",
				"images": []
			},
			{
				"title": "Jogo futebol Portugal – Espanha (Praça do Município)",
				"presenter": "",
				"startDate": 1529082000,
				"duration": 0,
				"location": "",
				"summary": "Não perca o primeiro jogo da Seleção Nacional no campeonato Mundial.",
				"images": []
			},
			{
				"title": "FISIOLOGIA DA HIPÓXIA",
				"presenter": "Pedro Amorim, Ana Sousa (José Gomes Pereira)",
				"startDate": 1529140800,
				"duration": 3000,
				"location": "",
				"summary": "Efeitos Fisiológicos da exposição a altitude.\n\nExercício em hipóxia e suplementação com nitratos.\n\nDiscussão aberta.",
				"images": []
			},
			{
				"title": "EXPERIÊNCIAS DE CENTROS DE ALTITUDE, REAL E SIMULADA",
				"presenter": "Carmen Calderon, André Guimarães, Ricardo Silvestre (João Becker)",
				"startDate": 1529145000,
				"duration": 4500,
				"location": "",
				"summary": "CAR SNevada.\n\nCMEPorto\n\nCAR Jamor\n\nDiscussão aberta.",
				"images": [
					"6.1"
				]
			},
			{
				"title": "DOENÇAS DE ALTITUDE",
				"presenter": "Veronica Rainone, Maria Antónia Nerin (Jaime Milheiro)",
				"startDate": 1529157600,
				"duration": 4200,
				"location": "",
				"summary": "Experiência de 10 anos no BC do Aconcagua.\n\nHospital Saragoza, referência em medicina de montanha.\n\nDiscussão aberta.",
				"images": [
					"5.8"
				]
			},
			{
				"title": "VIVÊNCIAS DE ATLETAS, ALPINISTAS E TREINADORES EM ALTITUDE",
				"presenter": "Armando Teixeira, Rui Sousa, Fernando Pimenta, Miguel Nascimento, DTN, Pedro Guedes (Paulo Pires)",
				"startDate": 1529163000,
				"duration": 3600,
				"location": "",
				"summary": "Trail Running/Corrida de Montanha.\n\nCiclismo.\n\nCanoagem.\n\n.Natação.\n\nTriatlo.\n\nAlpinismo.\n\nDiscussão aberta.",
				"images": []
			},
			{
				"title": "HIPÓXIA, RENDIMENTO E BEM ESTAR",
				"presenter": "Todos (Jaime Milheiro)",
				"startDate": 1529169300,
				"duration": 0,
				"location": "",
				"summary": "Debate final",
				"images": [
					"5.8"
				]
			},
			{
				"title": "Actividades ar livre",
				"presenter": "",
				"startDate": 1529218800,
				"duration": 0,
				"location": "",
				"summary": "Trail.\n\nCaminhada.\n\nParapente (VB).\n\nEscalada (Roxo e Daniela)",
				"images": []
			},
			{
				"title": "SESSÃO DE ENCERRAMENTO",
				"presenter": "",
				"startDate": 1529172000,
				"duration": 300,
				"location": "",
				"summary": "Esmeraldo Carvalhinho - Presidente da C.M. Manteigas.\n\nJaime Milheiro.",
				"images": []
			}
		],
		"staff": [
			"dr_jaime_milheiro"
		],
		"partners": [
			"via_verde"
		]
	}
]