{
	"{0}": "{0}",
	"su": "Dom",
	"mo": "Seg",
	"tu": "Ter",
	"we": "qua",
	"th": "qui",
	"fr": "sex",
	"sa": "Sab",
	"menu": "Menu",
	"close": "Fechar",
	"send": "Enviar",
	"name": "Nome",
	"email": "E-mail",
	"message": "Mensagem",
	"test": "Etiqueta em português",
	"go to": "Ir Para",
	"prev": "Ant",
	"next": "Prox",
	"about": "Sobre",
	"about me & you innovate": "Sobre Me & You Innovate",
	"our specialities": "As nossas especialidades",
	"anos de sucesso": "anos de sucesso",
	"days": "Dias",
	"hours": "Horas",
	"minutes": "Minutos",
	"seconds": "Segundos",
	"we're": "Estamos",
	"about to start": "Quase a começar"
}