[
	{
		"id": "3.01",
		"name": "Laser e punconagem",
		"type": "png",
		"FHD": {
			"url": "//cdn.liita.site/me_and_you/images/fhd_laser_e_punconagem.png",
			"dimensions": {
				"width": 1159,
				"height": 480,
				"type": "png"
			}
		},
		"HD": {
			"url": "//cdn.liita.site/me_and_you/images/hd_laser_e_punconagem.png",
			"dimensions": {
				"width": 1159,
				"height": 480,
				"type": "png"
			}
		},
		"SD": {
			"url": "//cdn.liita.site/me_and_you/images/sd_laser_e_punconagem.png",
			"dimensions": {
				"width": 640,
				"height": 265,
				"type": "png"
			}
		},
		"LD": {
			"url": "//cdn.liita.site/me_and_you/images/ld_laser_e_punconagem.png",
			"dimensions": {
				"width": 320,
				"height": 133,
				"type": "png"
			}
		},
		"thumb": {
			"url": "//cdn.liita.site/me_and_you/images/thumb_laser_e_punconagem.png",
			"dimensions": {
				"width": 309,
				"height": 128,
				"type": "png"
			}
		},
		"palette": [
			{
				"key": "Muted",
				"hex": "#4c6c7c",
				"population": 387
			},
			{
				"key": "LightMuted",
				"hex": "#879ca7",
				"population": 8
			},
			{
				"key": "DarkMuted",
				"hex": "#2c4454",
				"population": 1
			},
			{
				"key": "Vibrant",
				"hex": "#60287c",
				"population": 0
			},
			{
				"key": "DarkVibrant",
				"hex": "#4d2064",
				"population": 0
			}
		]
	},
	{
		"id": "3.11",
		"name": "laser",
		"type": "png",
		"FHD": {
			"url": "//cdn.liita.site/me_and_you/images/fhd_laser.png",
			"dimensions": {
				"width": 80,
				"height": 80,
				"type": "png"
			}
		},
		"HD": {
			"url": "//cdn.liita.site/me_and_you/images/hd_laser.png",
			"dimensions": {
				"width": 80,
				"height": 80,
				"type": "png"
			}
		},
		"SD": {
			"url": "//cdn.liita.site/me_and_you/images/sd_laser.png",
			"dimensions": {
				"width": 80,
				"height": 80,
				"type": "png"
			}
		},
		"LD": {
			"url": "//cdn.liita.site/me_and_you/images/ld_laser.png",
			"dimensions": {
				"width": 80,
				"height": 80,
				"type": "png"
			}
		},
		"thumb": {
			"url": "//cdn.liita.site/me_and_you/images/thumb_laser.png",
			"dimensions": {
				"width": 80,
				"height": 80,
				"type": "png"
			}
		},
		"palette": [
			{
				"key": "Vibrant",
				"hex": "#6cc4bc",
				"population": 10
			},
			{
				"key": "LightVibrant",
				"hex": "#70c4bc",
				"population": 0
			},
			{
				"key": "DarkVibrant",
				"hex": "#255e59",
				"population": 0
			}
		]
	},
	{
		"id": "3.12",
		"name": "pintura",
		"type": "png",
		"FHD": {
			"url": "//cdn.liita.site/me_and_you/images/fhd_pintura.png",
			"dimensions": {
				"width": 80,
				"height": 80,
				"type": "png"
			}
		},
		"HD": {
			"url": "//cdn.liita.site/me_and_you/images/hd_pintura.png",
			"dimensions": {
				"width": 80,
				"height": 80,
				"type": "png"
			}
		},
		"SD": {
			"url": "//cdn.liita.site/me_and_you/images/sd_pintura.png",
			"dimensions": {
				"width": 80,
				"height": 80,
				"type": "png"
			}
		},
		"LD": {
			"url": "//cdn.liita.site/me_and_you/images/ld_pintura.png",
			"dimensions": {
				"width": 80,
				"height": 80,
				"type": "png"
			}
		},
		"thumb": {
			"url": "//cdn.liita.site/me_and_you/images/thumb_pintura.png",
			"dimensions": {
				"width": 80,
				"height": 80,
				"type": "png"
			}
		},
		"palette": [
			{
				"key": "Vibrant",
				"hex": "#6cc4bc",
				"population": 8
			},
			{
				"key": "LightVibrant",
				"hex": "#6cccc0",
				"population": 2
			},
			{
				"key": "DarkVibrant",
				"hex": "#255e59",
				"population": 0
			}
		]
	},
	{
		"id": "3.13",
		"name": "quinagem",
		"type": "png",
		"FHD": {
			"url": "//cdn.liita.site/me_and_you/images/fhd_quinagem.png",
			"dimensions": {
				"width": 80,
				"height": 80,
				"type": "png"
			}
		},
		"HD": {
			"url": "//cdn.liita.site/me_and_you/images/hd_quinagem.png",
			"dimensions": {
				"width": 80,
				"height": 80,
				"type": "png"
			}
		},
		"SD": {
			"url": "//cdn.liita.site/me_and_you/images/sd_quinagem.png",
			"dimensions": {
				"width": 80,
				"height": 80,
				"type": "png"
			}
		},
		"LD": {
			"url": "//cdn.liita.site/me_and_you/images/ld_quinagem.png",
			"dimensions": {
				"width": 80,
				"height": 80,
				"type": "png"
			}
		},
		"thumb": {
			"url": "//cdn.liita.site/me_and_you/images/thumb_quinagem.png",
			"dimensions": {
				"width": 80,
				"height": 80,
				"type": "png"
			}
		},
		"palette": [
			{
				"key": "Vibrant",
				"hex": "#6cc4bc",
				"population": 7
			},
			{
				"key": "LightVibrant",
				"hex": "#6cccbc",
				"population": 1
			},
			{
				"key": "DarkVibrant",
				"hex": "#255e59",
				"population": 0
			}
		]
	},
	{
		"id": "3.02",
		"name": "pintura eletroestatica",
		"type": "jpeg",
		"FHD": {
			"url": "//cdn.liita.site/me_and_you/images/fhd_pintura_eletroestatica.jpeg",
			"dimensions": {
				"height": 1080,
				"width": 1730,
				"type": "jpg"
			}
		},
		"HD": {
			"url": "//cdn.liita.site/me_and_you/images/hd_pintura_eletroestatica.jpeg",
			"dimensions": {
				"height": 720,
				"width": 1154,
				"type": "jpg"
			}
		},
		"SD": {
			"url": "//cdn.liita.site/me_and_you/images/sd_pintura_eletroestatica.jpeg",
			"dimensions": {
				"height": 360,
				"width": 577,
				"type": "jpg"
			}
		},
		"LD": {
			"url": "//cdn.liita.site/me_and_you/images/ld_pintura_eletroestatica.jpeg",
			"dimensions": {
				"height": 180,
				"width": 288,
				"type": "jpg"
			}
		},
		"thumb": {
			"url": "//cdn.liita.site/me_and_you/images/thumb_pintura_eletroestatica.jpeg",
			"dimensions": {
				"height": 128,
				"width": 205,
				"type": "jpg"
			}
		},
		"palette": [
			{
				"key": "LightMuted",
				"hex": "#b2afac",
				"population": 82
			},
			{
				"key": "DarkMuted",
				"hex": "#3e4248",
				"population": 77
			},
			{
				"key": "Muted",
				"hex": "#7d7e80",
				"population": 75
			},
			{
				"key": "DarkVibrant",
				"hex": "#0c1419",
				"population": 3
			},
			{
				"key": "Vibrant",
				"hex": "#5289ac",
				"population": 0
			}
		]
	}
]